Workbook

Sheet Sprint 1 Burndown
A1: Backlog Item ID | B1: User Stories / Requirements / Bugs | C1: Estimated Time | D1: Day 1 | E1: Day 2 | F1: Day 3 | G1: Day 4 | H1: Day 5 | I1: Day 6 | J1: Day 7 | K1: Day 8 | L1: Day 9 | M1: Day 10 | N1: Day 11 | O1: Day 12 | P1: Day 13 | Q1: Day 14 | S1: Team Member | T1: Total Time
A2: 1 | B2: Define Project Scope and Objectives | S2: Jackson
A3: 2 | B3: Identify Systems Requirements | S3: Austin
A4: 3 | B4: Develop Context Diagram & Use Case Diagram | S4: Christian
A5: 4 | B5: Identify Key System Users | S5: Carson
A6: 5 | B6: Research Potential Security Risks | T6: =SUM(T2:T5) -> 0 | U6: Total Team Time
A27: Remaining Effort | C27: =SUM(C2:C26) -> 0 | D27: =C27-SUM(D2:D26) -> 0 | E27: =D27-SUM(E2:E26) -> 0 | F27: =E27-SUM(F2:F26) -> 0 | G27: =F27-SUM(G2:G26) -> 0 | H27: =G27-SUM(H2:H26) -> 0 | I27: =H27-SUM(I2:I26) -> 0 | J27: =I27-SUM(J2:J26) -> 0 | K27: =J27-SUM(K2:K26) -> 0 | ... Q27: =P27-SUM(Q2:Q26) -> 0
A28: Ideal Effort | C28: =C27 -> 0 | D28: =C28-($C$27/14) -> 0 | E28: =D28-($C$27/14) -> 0 | F28: =E28-($C$27/14) -> 0 | G28: =F28-($C$27/14) -> 0 | H28: =G28-($C$27/14) -> 0 | I28: =H28-($C$27/14) -> 0 | J28: =I28-($C$27/14) -> 0 | K28: =J28-($C$27/14) -> 0 | ... Q28: =P28-($C$27/14) -> 0

Sheet Sprint 2 Burndown
A1: Backlog Item ID | B1: User Stories / Requirements / Bugs | C1: Estimated Time | D1: Day 1 | E1: Day 2 | F1: Day 3 | G1: Day 4 | H1: Day 5 | I1: Day 6 | J1: Day 7 | K1: Day 8 | L1: Day 9 | M1: Day 10 | N1: Day 11 | O1: Day 12 | P1: Day 13 | Q1: Day 14 | S1: Team Member | T1: Total Time
A2: 6 | B2: Incorporate Feedback | C2: 3 | D2: 1 | E2: 1 | F2: 1 | S2: ='Sprint 1 Burndown'!S2 -> Jackson | T2: 5
A3: 7 | B3: Design the Entity-Relationship Diagram | C3: 3 | G3: 1 | H3: 2 | S3: ='Sprint 1 Burndown'!S3 -> Austin | T3: 5
A4: 8 | B4: Create Database Schema | C4: 4 | I4: 2 | J4: 2 | S4: ='Sprint 1 Burndown'!S4 -> Christian | T4: 7
A5: 9 | B5: Design User Authentication | C5: 4 | K5: 1 | L5: 1 | M5: 2 | S5: ='Sprint 1 Burndown'!S5 -> Carson | T5: 4
A6: 10 | B6: Update Diagrams | C6: 2 | N6: 2 | T6: =SUM(T2:T5) -> 21 | U6: Total Team Time
A7: 11 | B7: Design & Document Non-Functional Requirements | C7: 3 | O7: 1 | P7: 2
A8: 12 | B8: Develop Sprint 2 Burndown Chart & Backlog | C8: 2 | Q8: 2
A27: Remaining Effort | C27: =SUM(C2:C26) -> 21 | D27: =C27-SUM(D2:D26) -> 20 | E27: =D27-SUM(E2:E26) -> 19 | F27: =E27-SUM(F2:F26) -> 18 | G27: =F27-SUM(G2:G26) -> 17 | H27: =G27-SUM(H2:H26) -> 15 | I27: =H27-SUM(I2:I26) -> 13 | J27: =I27-SUM(J2:J26) -> 11 | K27: =J27-SUM(K2:K26) -> 10 | ... Q27: =P27-SUM(Q2:Q26) -> 0
A28: Ideal Effort | C28: =C27 -> 21 | D28: =C28-($C$27/14) -> 19.5 | E28: =D28-($C$27/14) -> 18 | F28: =E28-($C$27/14) -> 16.5 | G28: =F28-($C$27/14) -> 15 | H28: =G28-($C$27/14) -> 13.5 | I28: =H28-($C$27/14) -> 12 | J28: =I28-($C$27/14) -> 10.5 | K28: =J28-($C$27/14) -> 9 | ... Q28: =P28-($C$27/14) -> 0

Sheet Sprint 3 Burndown
A1: Backlog Item ID | B1: User Stories / Requirements / Bugs | C1: Estimated Time | D1: Day 1 | E1: Day 2 | F1: Day 3 | G1: Day 4 | H1: Day 5 | I1: Day 6 | J1: Day 7 | K1: Day 8 | L1: Day 9 | M1: Day 10 | N1: Day 11 | O1: Day 12 | P1: Day 13 | Q1: Day 14 | R1: Day 15 | S1: Day 16 | T1: Day 17 | U1: Day 18 | V1: Day 19 | W1: Day 20 | X1: Day 21 | Z1: Team Member | AA1: Total Time
A2: 13 | B2: Incorporate Feedback | C2: 3 | D2: 1 | E2: 1 | F2: 1 | Z2: ='Sprint 1 Burndown'!S2 -> Jackson | AA2: 5
A3: 14 | B3: Develop Homepage | C3: 2 | G3: 1 | H3: 1 | Z3: ='Sprint 1 Burndown'!S3 -> Austin | AA3: 6
A4: 15 | B4: Create Customer Registration | C4: 2 | I4: 0 | J4: 2 | Z4: ='Sprint 1 Burndown'!S4 -> Christian | AA4: 5
A5: 16 | B5: Create DFD's Level 0 & 1 | C5: 4 | K5: 3 | L5: 1 | M5: 0 | N5: 0 | Z5: ='Sprint 1 Burndown'!S5 -> Carson | AA5: 5
A6: 17 | B6: Design Dashboard | C6: 1 | O6: 1 | AA6: =SUM(AA2:AA5) -> 21 | AB6: Total Team Time
A7: 18 | B7: Design Program Plan (IPO) | C7: 4 | P7: 2 | Q7: 0 | R7: 2 | S7: 0
A8: 19 | B8: Develop Navigation Diagram | C8: 3 | T8: 1 | U8: 2
A9: 20 | B9: Design Error Handling | C9: 2 | V9: 1 | W9: 1
A10: 21 | B10: Create Sprint 3 Burndown Chart & Backlogs | C10: 2 | W10: 1 | X10: 2
A27: Remaining Effort | C27: =SUM(C2:C26) -> 23 | D27: =C27-SUM(D2:D26) -> 22 | E27: =D27-SUM(E2:E26) -> 21 | F27: =E27-SUM(F2:F26) -> 20 | G27: =F27-SUM(G2:G26) -> 19 | H27: =G27-SUM(H2:H26) -> 18 | I27: =H27-SUM(I2:I26) -> 18 | J27: =I27-SUM(J2:J26) -> 16 | K27: =J27-SUM(K2:K26) -> 13 | ... X27: =W27-SUM(X2:X26) -> -1
A28: Ideal Effort | C28: =C27 -> 23 | D28: =C28-($C$27/21) -> 21.904762 | E28: =D28-($C$27/21) -> 20.809524 | F28: =E28-($C$27/21) -> 19.714286 | G28: =F28-($C$27/21) -> 18.619048 | H28: =G28-($C$27/21) -> 17.52381 | I28: =H28-($C$27/21) -> 16.428571 | J28: =I28-($C$27/21) -> 15.333333 | K28: =J28-($C$27/21) -> 14.238095 | ... X28: =W28-($C$27/21) -> 5.3290705e-15

Sheet Sprint 4 Burndown
A1: Backlog Item ID | B1: User Stories / Requirements / Bugs | C1: Estimated Time | D1: Day 1 | E1: Day 2 | F1: Day 3 | G1: Day 4 | H1: Day 5 | I1: Day 6 | J1: Day 7 | K1: Day 8 | L1: Day 9 | M1: Day 10 | N1: Day 11 | O1: Day 12 | P1: Day 13 | Q1: Day 14 | R1: Day 15 | S1: Day 16 | T1: Day 17 | U1: Day 18 | V1: Day 19 | W1: Day 20 | X1: Day 21 | Z1: Team Member | AA1: Total Time
Z2: ='Sprint 1 Burndown'!S2 -> Jackson
Z3: ='Sprint 1 Burndown'!S3 -> Austin
Z4: ='Sprint 1 Burndown'!S4 -> Christian
Z5: ='Sprint 1 Burndown'!S5 -> Carson
AA6: =SUM(AA2:AA5) -> 0 | AB6: Total Team Time
A27: Remaining Effort | C27: =SUM(C2:C26) -> 0 | D27: =C27-SUM(D2:D26) -> 0 | E27: =D27-SUM(E2:E26) -> 0 | F27: =E27-SUM(F2:F26) -> 0 | G27: =F27-SUM(G2:G26) -> 0 | H27: =G27-SUM(H2:H26) -> 0 | I27: =H27-SUM(I2:I26) -> 0 | J27: =I27-SUM(J2:J26) -> 0 | K27: =J27-SUM(K2:K26) -> 0 | ... X27: =W27-SUM(X2:X26) -> 0
A28: Ideal Effort | C28: =C27 -> 0 | D28: =C28-($C$27/21) -> 0 | E28: =D28-($C$27/21) -> 0 | F28: =E28-($C$27/21) -> 0 | G28: =F28-($C$27/21) -> 0 | H28: =G28-($C$27/21) -> 0 | I28: =H28-($C$27/21) -> 0 | J28: =I28-($C$27/21) -> 0 | K28: =J28-($C$27/21) -> 0 | ... X28: =W28-($C$27/21) -> 0

Sheet Sprint 5 Burndown
A1: Backlog Item ID | B1: User Stories / Requirements / Bugs | C1: Estimated Time | D1: Day 1 | E1: Day 2 | F1: Day 3 | G1: Day 4 | H1: Day 5 | I1: Day 6 | J1: Day 7 | K1: Day 8 | L1: Day 9 | M1: Day 10 | N1: Day 11 | O1: Day 12 | P1: Day 13 | Q1: Day 14 | S1: Team Member | T1: Total Time
S2: ='Sprint 1 Burndown'!S2 -> Jackson
S3: ='Sprint 1 Burndown'!S3 -> Austin
S4: ='Sprint 1 Burndown'!S4 -> Christian
S5: ='Sprint 1 Burndown'!S5 -> Carson
T6: =SUM(T2:T5) -> 0 | U6: Total Team Time
A27: Remaining Effort | C27: =SUM(C2:C26) -> 0 | D27: =C27-SUM(D2:D26) -> 0 | E27: =D27-SUM(E2:E26) -> 0 | F27: =E27-SUM(F2:F26) -> 0 | G27: =F27-SUM(G2:G26) -> 0 | H27: =G27-SUM(H2:H26) -> 0 | I27: =H27-SUM(I2:I26) -> 0 | J27: =I27-SUM(J2:J26) -> 0 | K27: =J27-SUM(K2:K26) -> 0 | ... Q27: =P27-SUM(Q2:Q26) -> 0
A28: Ideal Effort | C28: =C27 -> 0 | D28: =C28-($C$27/14) -> 0 | E28: =D28-($C$27/14) -> 0 | F28: =E28-($C$27/14) -> 0 | G28: =F28-($C$27/14) -> 0 | H28: =G28-($C$27/14) -> 0 | I28: =H28-($C$27/14) -> 0 | J28: =I28-($C$27/14) -> 0 | K28: =J28-($C$27/14) -> 0 | ... Q28: =P28-($C$27/14) -> 0

Sheet Sprint 6 Burndown
A1: Backlog Item ID | B1: User Stories / Requirements / Bugs | C1: Estimated Time | D1: Day 1 | E1: Day 2 | F1: Day 3 | G1: Day 4 | H1: Day 5 | I1: Day 6 | J1: Day 7 | K1: Day 8 | L1: Day 9 | M1: Day 10 | N1: Day 11 | O1: Day 12 | P1: Day 13 | Q1: Day 14 | S1: Team Member | T1: Total Time
S2: ='Sprint 1 Burndown'!S2 -> Jackson
S3: ='Sprint 1 Burndown'!S3 -> Austin
S4: ='Sprint 1 Burndown'!S4 -> Christian
S5: ='Sprint 1 Burndown'!S5 -> Carson
T6: =SUM(T2:T5) -> 0 | U6: Total Team Time
T8: Total Project Time
T9: Sprint 1 | U9: ='Sprint 1 Burndown'!T6 -> 0
T10: Sprint 2 | U10: ='Sprint 2 Burndown'!T6 -> 21
T11: Sprint 3 | U11: ='Sprint 3 Burndown'!AA6 -> 21
T12: Sprint 4 | U12: ='Sprint 4 Burndown'!AA6 -> 0
T13: Sprint 5 | U13: ='Sprint 5 Burndown'!T6 -> 0
T14: Sprint 6 | U14: =T6 -> 0
U15: =SUM(U9:U14) -> 42 | V15: Total Project Time
A27: Remaining Effort | C27: =SUM(C2:C26) -> 0 | D27: =C27-SUM(D2:D26) -> 0 | E27: =D27-SUM(E2:E26) -> 0 | F27: =E27-SUM(F2:F26) -> 0 | G27: =F27-SUM(G2:G26) -> 0 | H27: =G27-SUM(H2:H26) -> 0 | I27: =H27-SUM(I2:I26) -> 0 | J27: =I27-SUM(J2:J26) -> 0 | K27: =J27-SUM(K2:K26) -> 0 | ... Q27: =P27-SUM(Q2:Q26) -> 0
A28: Ideal Effort | C28: =C27 -> 0 | D28: =C28-($C$27/14) -> 0 | E28: =D28-($C$27/14) -> 0 | F28: =E28-($C$27/14) -> 0 | G28: =F28-($C$27/14) -> 0 | H28: =G28-($C$27/14) -> 0 | I28: =H28-($C$27/14) -> 0 | J28: =I28-($C$27/14) -> 0 | K28: =J28-($C$27/14) -> 0 | ... Q28: =P28-($C$27/14) -> 0
